model,msa,pdb,predictor,model_name,pdb_path,avg_plddt,ptm,iptm,pae_mean,ipae,ipsae_ab,ipsae_ba,ipsae_min,actifptm,pred_receptor_chain,pred_effector_chain,rmsd_receptor,rmsd_effector_independent,rmsd_effector_receptor_aligned,n_receptor_ca,n_effector_ca,rmsd_receptor_core,rmsd_effector_independent_core,rmsd_effector_receptor_aligned_corefit,n_receptor_ca_core_start,n_receptor_ca_core_used,n_receptor_ca_core_pruned,n_receptor_core_iter,n_effector_ca_core_start,n_effector_ca_core_used,n_effector_ca_core_pruned,n_effector_core_iter
af2m,msa,5A6W,af2m,ranked_6,predictions/input/ranked_6.pdb,82.21,0.5661,0.1712,11.12,19.36,0.0,0.0081,0.0,0.2502,B,C,2.5,0.45,26.64,73,83,0.61,0.39,27.09,73,68,5,4,83,82,1,2
af2m,msa,5ZNG,af2m,ranked_22,predictions/input/ranked_22.pdb,64.32,0.546,0.1422,13.54,21.04,0.0,0.0,0.0,0.223,B,C,1.63,7.67,13.22,79,62,0.63,7.67,13.46,79,74,5,3,62,62,0,1
af2m,msa,6FU9,af2m,ranked_2,predictions/input/ranked_2.pdb,91.22,0.8424,0.7739,4.88,6.27,0.5925,0.681,0.5925,0.7876,B,C,0.86,1.03,2.23,79,87,0.71,0.42,2.39,79,76,3,2,87,83,4,2
af2m,msa,6FUB,af2m,ranked_0,predictions/input/ranked_0.pdb,88.74,0.8195,0.772,6.2,7.4,0.6192,0.7079,0.6192,0.7815,A,B,2.21,3.15,5.47,81,93,0.7,0.37,4.54,81,74,7,5,93,81,12,3
af2m,msa,6FUD,af2m,ranked_4,predictions/input/ranked_4.pdb,78.84,0.5547,0.1687,11.12,19.29,0.0,0.0151,0.0,0.2459,B,C,1.18,0.44,3.45,77,81,0.74,0.44,3.76,77,71,6,2,81,81,0,1
af2m,msa,6G10,af2m,ranked_0,predictions/input/ranked_0.pdb,94.87,0.8789,0.8301,3.28,4.15,0.7912,0.7851,0.7851,0.8399,A,B,1.17,1.1,1.37,76,83,0.65,0.48,1.22,76,72,4,2,83,81,2,2
af2m,msa,6G11,af2m,ranked_0,predictions/input/ranked_0.pdb,95.18,0.8829,0.8369,3.17,3.97,0.8029,0.7813,0.7813,0.8461,A,B,1.2,0.31,0.63,73,82,0.5,0.31,0.64,73,67,6,2,82,82,0,1
af2m,msa,6Q76,af2m,ranked_10,predictions/input/ranked_10.pdb,94.75,0.8884,0.8736,3.32,4.05,0.8151,0.8661,0.8151,0.8766,B,C,0.67,0.54,0.87,73,68,0.31,0.54,0.81,73,71,2,2,68,68,0,1
af2m,msa,6R8K,af2m,ranked_3,predictions/input/ranked_3.pdb,93.73,0.8651,0.808,3.61,4.61,0.7471,0.7554,0.7471,0.8194,B,C,1.1,0.56,1.72,77,83,0.52,0.36,1.32,77,73,4,3,83,81,2,2
af2m,msa,6R8M,af2m,ranked_1,predictions/input/ranked_1.pdb,94.41,0.882,0.852,3.42,4.14,0.8284,0.8058,0.8058,0.858,B,C,1.03,0.27,0.71,78,82,0.61,0.27,0.55,78,74,4,2,82,82,0,1
af2m,msa,7A8W,af2m,ranked_7,predictions/input/ranked_7.pdb,95.61,0.8809,0.8429,2.88,3.59,0.8175,0.8088,0.8088,0.8505,B,C,1.09,0.39,0.77,74,79,0.5,0.39,0.91,74,72,2,2,79,79,0,1
af2m,msa,7A8X,af2m,ranked_1,predictions/input/ranked_1.pdb,95.92,0.8863,0.853,2.85,3.52,0.8342,0.8209,0.8209,0.8597,B,C,0.79,0.37,0.66,74,80,0.47,0.37,0.69,74,73,1,2,80,80,0,1
af2m,msa,7BNT,af2m,ranked_0,predictions/input/ranked_0.pdb,92.17,0.8397,0.7751,4.35,5.79,0.653,0.6604,0.653,0.788,A,B,1.98,1.02,2.09,75,84,0.58,0.44,2.09,75,70,5,3,84,82,2,2
af2m,msa,7NLJ,af2m,ranked_1,predictions/input/ranked_1.pdb,95.41,0.904,0.8855,3.23,3.78,0.8724,0.8709,0.8709,0.8892,B,C,0.82,0.59,1.25,78,91,0.49,0.59,1.24,78,77,1,2,91,91,0,1
af2m,msa,7NMM,af2m,ranked_13,predictions/input/ranked_13.pdb,73.39,0.5423,0.1512,12.62,21.02,0.0,0.0026,0.0,0.2294,B,C,1.03,1.33,14.3,78,91,0.55,0.56,14.21,78,72,6,2,91,85,6,2
af2m,msa,7QPX,af2m,ranked_2,predictions/input/ranked_2.pdb,96.3,0.891,0.8544,2.73,3.4,0.8343,0.8254,0.8254,0.8617,B,C,0.87,0.37,1.03,73,81,0.57,0.37,1.04,73,72,1,2,81,81,0,1
af2m,msa,7QZD,af2m,ranked_24,predictions/input/ranked_24.pdb,77.05,0.4997,0.067,14.02,24.79,0.0,0.0,0.0,0.1535,B,C,1.37,0.5,21.6,76,82,0.73,0.5,21.41,76,69,7,3,82,82,0,1
af2m,msa,8B2R,af2m,ranked_23,predictions/input/ranked_23.pdb,78.33,0.5072,0.0725,13.89,24.65,0.0,0.0,0.0,0.1594,B,C,0.94,1.92,23.32,78,86,0.43,0.45,23.48,78,74,4,3,86,82,4,2
af2m,msa,9IMU,af2m,ranked_2,predictions/input/ranked_2.pdb,94.63,0.8646,0.8121,3.32,4.38,0.7198,0.7212,0.7198,0.8226,B,C,0.43,0.36,29.58,75,81,0.43,0.36,29.58,75,75,0,1,81,81,0,1
af2m,msa,9IP6,af2m,ranked_11,predictions/input/ranked_11.pdb,67.14,0.6561,0.7216,10.97,14.8,0.235,0.53,0.235,0.7085,B,C,0.51,12.12,15.35,74,61,0.51,12.12,15.35,74,74,0,1,61,61,0,1
af3,msa,5A6W,af3,seed-123_sample-3,predictions/benchmark_test/seed-123_sample-3/model.cif,93.78,0.9,0.86,3.01,3.62,0.8582,0.838,0.838,0.868,A,B,1.04,0.3,0.46,73,83,0.47,0.3,0.43,73,67,6,2,83,83,0,1
af3,msa,5ZNG,af3,seed-1024_sample-1,predictions/benchmark_test/seed-1024_sample-1/model.cif,87.48,0.85,0.83,5.04,6.09,0.6724,0.7887,0.6724,0.834,A,B,1.01,10.89,12.24,79,62,0.43,10.89,12.24,79,76,3,2,62,62,0,1
af3,msa,6FU9,af3,seed-123_sample-1,predictions/benchmark_test/seed-123_sample-1/model.cif,93.85,0.91,0.9,3.25,3.73,0.8862,0.8867,0.8862,0.902,A,B,0.81,0.66,0.81,79,87,0.43,0.3,0.87,79,76,3,2,87,83,4,2
af3,msa,6FUB,af3,seed-42_sample-2,predictions/benchmark_test/seed-42_sample-2/model.cif,90.95,0.87,0.88,5.13,5.69,0.8787,0.8611,0.8611,0.878,A,B,1.44,1.77,2.37,81,93,0.41,0.35,2.28,81,74,7,2,93,83,10,2
af3,msa,6FUD,af3,seed-456_sample-4,predictions/benchmark_test/seed-456_sample-4/model.cif,95.14,0.93,0.91,2.27,2.63,0.912,0.8952,0.8952,0.914,A,B,0.74,0.37,0.47,77,81,0.4,0.37,0.53,77,74,3,2,81,81,0,1
af3,msa,6G10,af3,seed-456_sample-0,predictions/benchmark_test/seed-456_sample-0/model.cif,92.84,0.9,0.87,3.26,3.9,0.8608,0.8398,0.8398,0.876,A,B,1.15,1.01,1.31,76,83,0.61,0.38,1.3,76,71,5,2,83,81,2,2
af3,msa,6G11,af3,seed-456_sample-1,predictions/benchmark_test/seed-456_sample-1/model.cif,93.05,0.9,0.86,3.02,3.65,0.8395,0.8231,0.8231,0.868,A,B,1.15,0.27,0.49,73,82,0.51,0.27,0.39,73,68,5,2,82,82,0,1
af3,msa,6Q76,af3,seed-456_sample-1,predictions/benchmark_test/seed-456_sample-1/model.cif,94.7,0.91,0.91,2.71,3.18,0.8618,0.9034,0.8618,0.91,A,B,0.81,0.34,0.42,73,68,0.42,0.34,0.69,73,70,3,3,68,68,0,1
af3,msa,6R8K,af3,seed-123_sample-1,predictions/benchmark_test/seed-123_sample-1/model.cif,93.22,0.91,0.88,2.99,3.56,0.8759,0.8588,0.8588,0.886,A,B,1.05,0.37,0.88,77,83,0.56,0.37,0.64,77,74,3,2,83,83,0,1
af3,msa,6R8M,af3,seed-123_sample-2,predictions/benchmark_test/seed-123_sample-2/model.cif,92.54,0.91,0.89,3.25,3.83,0.891,0.8486,0.8486,0.894,A,B,1.01,0.26,0.33,78,82,0.53,0.26,0.38,78,72,6,2,82,82,0,1
af3,msa,7A8W,af3,seed-42_sample-1,predictions/benchmark_test/seed-42_sample-1/model.cif,93.65,0.9,0.87,2.73,3.3,0.8656,0.8396,0.8396,0.876,A,B,1.1,0.36,0.68,74,79,0.57,0.36,0.76,74,70,4,3,79,79,0,1
af3,msa,7A8X,af3,seed-456_sample-4,predictions/benchmark_test/seed-456_sample-4/model.cif,94.63,0.91,0.89,2.58,3.09,0.8818,0.8682,0.8682,0.894,A,B,0.91,0.38,0.75,74,80,0.58,0.38,0.63,74,71,3,3,80,80,0,1
af3,msa,7BNT,af3,seed-456_sample-0,predictions/benchmark_test/seed-456_sample-0/model.cif,93.22,0.9,0.88,3.3,3.91,0.8766,0.8433,0.8433,0.884,A,B,1.12,0.65,0.86,75,84,0.69,0.36,0.88,75,72,3,2,84,82,2,2
af3,msa,7NLJ,af3,seed-1024_sample-3,predictions/benchmark_test/seed-1024_sample-3/model.cif,93.08,0.91,0.9,2.96,3.48,0.8923,0.8846,0.8846,0.902,A,B,0.64,0.39,0.8,78,91,0.49,0.39,0.85,78,77,1,2,91,91,0,1
af3,msa,7NMM,af3,seed-789_sample-4,predictions/benchmark_test/seed-789_sample-4/model.cif,94.81,0.93,0.91,2.51,2.93,0.9055,0.8996,0.8996,0.914,A,B,0.4,0.27,0.49,78,91,0.4,0.27,0.49,78,78,0,1,91,91,0,1
af3,msa,7QPX,af3,seed-1024_sample-3,predictions/benchmark_test/seed-1024_sample-3/model.cif,93.09,0.88,0.84,2.97,3.73,0.8016,0.7853,0.7853,0.848,A,B,1.05,0.36,1.16,73,81,0.74,0.36,1.11,73,70,3,2,81,81,0,1
af3,msa,7QZD,af3,seed-123_sample-0,predictions/benchmark_test/seed-123_sample-0/model.cif,92.38,0.9,0.87,3.06,3.67,0.8513,0.84,0.84,0.876,A,B,1.08,0.3,0.49,76,82,0.56,0.3,0.54,76,72,4,2,82,82,0,1
af3,msa,8B2R,af3,seed-123_sample-1,predictions/benchmark_test/seed-123_sample-1/model.cif,92.67,0.9,0.88,3.3,3.83,0.8674,0.867,0.867,0.884,A,B,0.93,1.75,3.87,78,86,0.57,0.4,3.8,78,76,2,2,86,82,4,2
af3,msa,9IMU,af3,seed-123_sample-2,predictions/benchmark_test/seed-123_sample-2/model.cif,93.42,0.89,0.85,2.75,3.48,0.8266,0.8009,0.8009,0.858,A,B,0.59,0.3,1.62,75,81,0.59,0.3,1.62,75,75,0,1,81,81,0,1
af3,msa,9IP6,af3,seed-456_sample-3,predictions/benchmark_test/seed-456_sample-3/model.cif,59.86,0.6,0.43,13.04,18.48,0.041,0.0706,0.041,0.464,A,B,0.33,7.91,12.15,74,61,0.33,7.91,12.15,74,74,0,1,61,61,0,1
af3,no_msa,5A6W,af3_nomsa,seed-123_sample-2,predictions/benchmark_test/seed-123_sample-2/model.cif,92.97,0.9,0.86,3.41,4.14,0.8461,0.8133,0.8133,0.868,A,B,1.1,0.32,0.51,73,83,0.54,0.32,0.62,73,66,7,2,83,83,0,1
af3,no_msa,5ZNG,af3_nomsa,seed-1024_sample-1,predictions/benchmark_test/seed-1024_sample-1/model.cif,67.53,0.74,0.57,7.5,10.34,0.2481,0.191,0.191,0.604,A,B,1.77,9.84,13.73,79,62,0.5,9.84,14.33,79,72,7,3,62,62,0,1
af3,no_msa,6FU9,af3_nomsa,seed-789_sample-2,predictions/benchmark_test/seed-789_sample-2/model.cif,93.58,0.91,0.89,3.33,3.86,0.8848,0.8787,0.8787,0.894,A,B,1.09,0.69,0.83,79,87,0.49,0.55,0.9,79,74,5,3,87,85,2,2
af3,no_msa,6FUB,af3_nomsa,seed-42_sample-2,predictions/benchmark_test/seed-42_sample-2/model.cif,90.17,0.86,0.86,5.47,6.06,0.8648,0.8419,0.8419,0.86,A,B,1.78,1.87,2.63,81,93,0.49,0.53,2.34,81,74,7,3,93,81,12,4
af3,no_msa,6FUD,af3_nomsa,seed-456_sample-4,predictions/benchmark_test/seed-456_sample-4/model.cif,93.99,0.92,0.9,2.63,3.06,0.8934,0.8788,0.8788,0.904,A,B,0.75,0.44,0.69,77,81,0.51,0.44,0.73,77,73,4,2,81,81,0,1
af3,no_msa,6G10,af3_nomsa,seed-456_sample-0,predictions/benchmark_test/seed-456_sample-0/model.cif,91.57,0.88,0.85,4.01,4.86,0.8287,0.7799,0.7799,0.856,A,B,2.43,0.92,2.66,76,83,0.54,0.32,0.98,76,61,15,3,83,81,2,2
af3,no_msa,6G11,af3_nomsa,seed-789_sample-0,predictions/benchmark_test/seed-789_sample-0/model.cif,87.45,0.85,0.78,3.89,4.89,0.7384,0.6993,0.6993,0.794,A,B,1.17,0.33,1.06,73,82,0.67,0.33,0.67,73,69,4,2,82,82,0,1
af3,no_msa,6Q76,af3_nomsa,seed-42_sample-1,predictions/benchmark_test/seed-42_sample-1/model.cif,91.09,0.87,0.85,3.81,4.58,0.7721,0.8254,0.7721,0.854,A,B,0.98,0.53,0.86,73,68,0.73,0.43,0.83,73,70,3,2,68,67,1,2
af3,no_msa,6R8K,af3_nomsa,seed-1024_sample-2,predictions/benchmark_test/seed-1024_sample-2/model.cif,89.07,0.86,0.82,4.72,5.83,0.7445,0.712,0.712,0.828,A,B,2.62,0.49,2.68,77,83,0.81,0.43,1.06,77,59,18,3,83,82,1,2
af3,no_msa,6R8M,af3_nomsa,seed-123_sample-1,predictions/benchmark_test/seed-123_sample-1/model.cif,92.31,0.9,0.88,3.38,3.96,0.8721,0.8446,0.8446,0.884,A,B,1.84,0.26,0.37,78,82,0.51,0.26,0.49,78,72,6,2,82,82,0,1
af3,no_msa,7A8W,af3_nomsa,seed-456_sample-2,predictions/benchmark_test/seed-456_sample-2/model.cif,59.36,0.52,0.19,14.48,20.22,0.0,0.0,0.0,0.256,A,B,1.28,12.74,31.4,74,79,0.68,12.74,31.26,74,68,6,3,79,79,0,1
af3,no_msa,7A8X,af3_nomsa,seed-1024_sample-0,predictions/benchmark_test/seed-1024_sample-0/model.cif,66.43,0.59,0.4,12.65,17.69,0.0216,0.0215,0.0215,0.438,A,B,1.16,11.1,13.05,74,80,0.64,11.1,13.35,74,67,7,4,80,80,0,1
af3,no_msa,7BNT,af3_nomsa,seed-456_sample-4,predictions/benchmark_test/seed-456_sample-4/model.cif,93.78,0.91,0.89,3.01,3.57,0.8857,0.8601,0.8601,0.894,A,B,1.01,0.53,0.6,75,84,0.6,0.39,0.61,75,70,5,2,84,82,2,3
af3,no_msa,7NLJ,af3_nomsa,seed-1024_sample-1,predictions/benchmark_test/seed-1024_sample-1/model.cif,54.76,0.56,0.29,14.83,19.56,0.0057,0.0,0.0,0.344,A,B,1.06,14.37,30.95,78,91,0.68,14.37,31.16,78,74,4,2,91,91,0,1
af3,no_msa,7NMM,af3_nomsa,seed-1024_sample-1,predictions/benchmark_test/seed-1024_sample-1/model.cif,49.85,0.44,0.1,17.33,24.13,0.0,0.0,0.0,0.168,A,B,2.29,13.88,34.78,78,91,0.62,13.88,33.97,78,65,13,4,91,91,0,1
af3,no_msa,7QPX,af3_nomsa,seed-1024_sample-1,predictions/benchmark_test/seed-1024_sample-1/model.cif,55.99,0.47,0.13,16.16,22.27,0.0,0.0,0.0,0.198,A,B,3.14,9.89,32.88,73,81,1.0,9.89,31.55,73,56,17,6,81,81,0,1
af3,no_msa,7QZD,af3_nomsa,seed-789_sample-2,predictions/benchmark_test/seed-789_sample-2/model.cif,61.95,0.53,0.21,14.68,20.42,0.0028,0.0032,0.0028,0.274,A,B,1.46,10.04,27.29,76,82,0.74,10.04,26.87,76,68,8,2,82,82,0,1
af3,no_msa,8B2R,af3_nomsa,seed-42_sample-0,predictions/benchmark_test/seed-42_sample-0/model.cif,56.61,0.43,0.11,17.29,24.45,0.0,0.0,0.0,0.174,A,B,3.28,13.43,27.26,78,86,3.28,13.43,27.26,78,78,0,1,86,86,0,1
af3,no_msa,9IMU,af3_nomsa,seed-456_sample-0,predictions/benchmark_test/seed-456_sample-0/model.cif,89.99,0.86,0.82,3.79,4.82,0.7462,0.7356,0.7356,0.828,A,B,1.77,0.36,1.34,75,81,0.62,0.36,1.82,75,67,8,4,81,81,0,1
af3,no_msa,9IP6,af3_nomsa,seed-456_sample-0,predictions/benchmark_test/seed-456_sample-0/model.cif,59.52,0.55,0.15,14.36,21.66,0.0,0.0,0.0,0.23,A,B,0.58,8.22,17.46,74,61,0.51,8.22,17.48,74,73,1,2,61,61,0,1
boltz1,msa,5A6W,boltz1_msa,input_model_1,predictions/output_seed456/boltz_results_input/predictions/input/input_model_1.pdb,0.95,0.948,0.9391,2.52,3.08,0.945,0.9108,0.9108,0.9409,A,B,1.32,0.87,1.63,73,83,0.59,0.42,1.76,73,66,7,2,83,80,3,2
boltz1,msa,5ZNG,boltz1_msa,input_model_0,predictions/output_seed789/boltz_results_input/predictions/input/input_model_0.pdb,0.66,0.597,0.1775,13.89,20.27,0.0025,0.0,0.0,0.2614,A,B,0.77,8.85,10.19,79,62,0.39,8.85,10.29,79,75,4,3,62,62,0,1
boltz1,msa,6FU9,boltz1_msa,input_model_1,predictions/output/boltz_results_input/predictions/input/input_model_1.pdb,0.95,0.9425,0.9299,3.03,3.57,0.9376,0.9287,0.9287,0.9324,A,B,0.97,1.02,2.34,79,87,0.43,0.51,2.32,79,75,4,2,87,82,5,3
boltz1,msa,6FUB,boltz1_msa,input_model_4,predictions/output_seed1024/boltz_results_input/predictions/input/input_model_4.pdb,0.92,0.9116,0.9142,4.57,5.2,0.921,0.9092,0.9092,0.9137,A,B,1.95,6.11,7.25,81,93,0.47,0.55,7.4,81,75,6,2,93,81,12,3
boltz1,msa,6FUD,boltz1_msa,input_model_3,predictions/output_seed456/boltz_results_input/predictions/input/input_model_3.pdb,0.96,0.9593,0.9461,2.03,2.48,0.9509,0.9307,0.9307,0.9487,A,B,0.73,0.46,1.05,77,81,0.45,0.46,0.98,77,75,2,2,81,81,0,1
boltz1,msa,6G10,boltz1_msa,input_model_0,predictions/output/boltz_results_input/predictions/input/input_model_0.pdb,0.94,0.9279,0.9052,2.82,3.51,0.9061,0.8569,0.8569,0.9097,A,B,1.34,0.75,1.63,76,83,0.7,0.46,1.7,76,71,5,2,83,79,4,3
boltz1,msa,6G11,boltz1_msa,input_model_3,predictions/output_seed123/boltz_results_input/predictions/input/input_model_3.pdb,0.92,0.9033,0.8801,3.39,4.2,0.8641,0.8186,0.8186,0.8847,A,B,0.87,0.58,1.57,73,82,0.63,0.48,1.67,73,71,2,2,82,81,1,2
boltz1,msa,6Q76,boltz1_msa,input_model_1,predictions/output_seed123/boltz_results_input/predictions/input/input_model_1.pdb,0.66,0.5733,0.1835,12.61,18.73,0.0199,0.0,0.0,0.2615,A,B,0.88,9.75,11.33,73,68,0.63,9.75,11.36,73,70,3,2,68,68,0,1
boltz1,msa,6R8K,boltz1_msa,input_model_3,predictions/output_seed1024/boltz_results_input/predictions/input/input_model_3.pdb,0.96,0.9548,0.9416,2.19,2.7,0.9465,0.9317,0.9317,0.9442,A,B,0.92,0.57,1.82,77,83,0.53,0.57,1.37,77,75,2,2,83,83,0,1
boltz1,msa,6R8M,boltz1_msa,input_model_2,predictions/output/boltz_results_input/predictions/input/input_model_2.pdb,0.93,0.9174,0.8935,3.17,3.91,0.8794,0.8259,0.8259,0.8983,A,B,1.58,0.57,1.14,78,82,0.61,0.42,1.39,78,70,8,3,82,81,1,2
boltz1,msa,7A8W,boltz1_msa,input_model_1,predictions/output_seed789/boltz_results_input/predictions/input/input_model_1.pdb,0.94,0.9386,0.9196,2.51,3.08,0.9215,0.8992,0.8992,0.9234,A,B,1.24,0.53,1.75,74,79,0.49,0.53,1.5,74,70,4,2,79,79,0,1
boltz1,msa,7A8X,boltz1_msa,input_model_1,predictions/output_seed123/boltz_results_input/predictions/input/input_model_1.pdb,0.94,0.9402,0.9228,2.59,3.16,0.9263,0.9096,0.9096,0.9263,A,B,0.96,0.67,2.1,74,80,0.6,0.51,1.92,74,71,3,2,80,79,1,2
boltz1,msa,7BNT,boltz1_msa,input_model_0,predictions/output_seed789/boltz_results_input/predictions/input/input_model_0.pdb,0.94,0.9456,0.9316,2.69,3.26,0.9358,0.9106,0.9106,0.9344,A,B,1.24,1.54,3.48,75,84,0.63,0.41,3.21,75,70,5,3,84,80,4,2
boltz1,msa,7NLJ,boltz1_msa,input_model_4,predictions/output_seed123/boltz_results_input/predictions/input/input_model_4.pdb,0.95,0.962,0.9498,2.07,2.54,0.9561,0.9454,0.9454,0.9522,A,B,0.73,0.59,1.62,78,91,0.5,0.47,1.62,78,77,1,2,91,89,2,3
boltz1,msa,7NMM,boltz1_msa,input_model_4,predictions/output_seed456/boltz_results_input/predictions/input/input_model_4.pdb,0.92,0.9304,0.934,3.23,3.8,0.9053,0.9327,0.9053,0.9333,A,B,0.49,2.19,3.48,78,91,0.43,0.46,3.55,78,77,1,2,91,81,10,3
boltz1,msa,7QPX,boltz1_msa,input_model_0,predictions/output_seed1024/boltz_results_input/predictions/input/input_model_0.pdb,0.94,0.9354,0.9186,2.41,3.02,0.9234,0.9012,0.9012,0.922,A,B,1.1,0.42,1.84,73,81,0.7,0.42,1.57,73,68,5,3,81,81,0,1
boltz1,msa,7QZD,boltz1_msa,input_model_1,predictions/output_seed456/boltz_results_input/predictions/input/input_model_1.pdb,0.94,0.9364,0.925,2.73,3.4,0.9291,0.9175,0.9175,0.9273,A,B,1.2,0.6,2.52,76,82,0.57,0.45,2.05,76,72,4,3,82,81,1,2
boltz1,msa,8B2R,boltz1_msa,input_model_3,predictions/output_seed456/boltz_results_input/predictions/input/input_model_3.pdb,0.95,0.9353,0.9261,3.18,3.79,0.9044,0.9252,0.9044,0.9279,A,B,0.85,2.3,3.13,78,86,0.45,0.48,3.06,78,74,4,2,86,80,6,2
boltz1,msa,9IMU,boltz1_msa,input_model_1,predictions/output_seed789/boltz_results_input/predictions/input/input_model_1.pdb,0.96,0.9461,0.9229,2.29,2.88,0.9225,0.9234,0.9225,0.9275,A,B,0.68,0.57,3.12,75,81,0.49,0.57,3.21,75,73,2,2,81,81,0,1
boltz1,msa,9IP6,boltz1_msa,input_model_0,predictions/output_seed456/boltz_results_input/predictions/input/input_model_0.pdb,0.66,0.5963,0.1521,12.7,19.06,0.0053,0.0,0.0,0.2409,A,B,0.5,9.27,10.33,74,61,0.37,9.27,10.36,74,73,1,2,61,61,0,1
boltz1,no_msa,5A6W,boltz1,input_model_0,predictions/output_seed1024/boltz_results_input/predictions/input/input_model_0.pdb,0.94,0.9499,0.9398,2.25,2.73,0.9461,0.921,0.921,0.9418,A,B,1.33,0.87,1.87,73,83,0.65,0.45,1.9,73,65,8,2,83,80,3,2
boltz1,no_msa,5ZNG,boltz1,input_model_0,predictions/output_seed123/boltz_results_input/predictions/input/input_model_0.pdb,0.62,0.5844,0.2255,12.87,18.59,0.0083,0.056,0.0083,0.2973,A,B,1.49,11.52,12.87,79,62,0.58,11.52,13.06,79,74,5,2,62,62,0,1
boltz1,no_msa,6FU9,boltz1,input_model_2,predictions/output_seed1024/boltz_results_input/predictions/input/input_model_2.pdb,0.71,0.52,0.1509,12.84,18.47,0.0,0.0026,0.0,0.2247,A,B,1.63,11.54,19.68,79,87,0.62,11.54,20.06,79,71,8,2,87,87,0,1
boltz1,no_msa,6FUB,boltz1,input_model_3,predictions/output_seed456/boltz_results_input/predictions/input/input_model_3.pdb,0.59,0.448,0.1365,16.19,22.23,0.0,0.0,0.0,0.1988,A,B,2.73,16.49,28.74,81,93,1.1,16.49,29.12,81,47,34,4,93,93,0,1
boltz1,no_msa,6FUD,boltz1,input_model_2,predictions/output_seed789/boltz_results_input/predictions/input/input_model_2.pdb,0.76,0.5147,0.1446,12.18,18.15,0.0248,0.0633,0.0248,0.2186,A,B,1.22,7.94,19.76,77,81,0.67,7.94,19.92,77,69,8,2,81,81,0,1
boltz1,no_msa,6G10,boltz1,input_model_0,predictions/output_seed123/boltz_results_input/predictions/input/input_model_0.pdb,0.89,0.8848,0.8472,3.61,4.52,0.8271,0.818,0.818,0.8547,A,B,2.56,0.95,2.23,76,83,0.62,0.58,3.34,76,57,19,3,83,78,5,3
boltz1,no_msa,6G11,boltz1,input_model_2,predictions/output_seed123/boltz_results_input/predictions/input/input_model_2.pdb,0.82,0.6961,0.4018,7.03,11.61,0.0379,0.2051,0.0379,0.4607,A,B,2.97,0.63,3.07,73,82,0.91,0.56,3.67,73,57,16,3,82,81,1,2
boltz1,no_msa,6Q76,boltz1,input_model_2,predictions/output_seed456/boltz_results_input/predictions/input/input_model_2.pdb,0.96,0.9612,0.9591,1.92,2.36,0.9485,0.9643,0.9485,0.9595,A,B,1.14,0.51,0.71,73,68,0.73,0.51,0.85,73,65,8,2,68,68,0,1
boltz1,no_msa,6R8K,boltz1,input_model_4,predictions/output_seed123/boltz_results_input/predictions/input/input_model_4.pdb,0.94,0.9475,0.9389,2.64,3.23,0.9437,0.9163,0.9163,0.9406,A,B,1.7,0.82,2.12,77,83,0.79,0.66,2.92,77,70,7,2,83,81,2,2
boltz1,no_msa,6R8M,boltz1,input_model_0,predictions/output_seed789/boltz_results_input/predictions/input/input_model_0.pdb,0.95,0.955,0.9442,2.37,2.82,0.9492,0.9291,0.9291,0.9464,A,B,1.82,0.86,2.09,78,82,0.56,0.54,2.58,78,67,11,3,82,77,5,2
boltz1,no_msa,7A8W,boltz1,input_model_1,predictions/output_seed789/boltz_results_input/predictions/input/input_model_1.pdb,0.89,0.89,0.9134,5.05,5.36,0.8942,0.9135,0.8942,0.9087,A,B,1.79,3.76,5.28,74,79,0.67,0.56,5.18,74,68,6,2,79,63,16,4
boltz1,no_msa,7A8X,boltz1,input_model_0,predictions/output_seed123/boltz_results_input/predictions/input/input_model_0.pdb,0.88,0.8939,0.9169,4.92,5.24,0.8918,0.9167,0.8918,0.9123,A,B,1.51,4.16,5.8,74,80,0.68,0.57,5.52,74,68,6,3,80,63,17,5
boltz1,no_msa,7BNT,boltz1,input_model_1,predictions/output_seed789/boltz_results_input/predictions/input/input_model_1.pdb,0.93,0.9396,0.9328,2.98,3.62,0.9367,0.8959,0.8959,0.9342,A,B,1.27,1.51,3.09,75,84,0.61,0.43,2.97,75,69,6,2,84,80,4,2
boltz1,no_msa,7NLJ,boltz1,input_model_4,predictions/output_seed123/boltz_results_input/predictions/input/input_model_4.pdb,0.5,0.46,0.1621,16.29,21.74,0.0027,0.0027,0.0027,0.2217,A,B,7.8,10.47,24.46,78,91,7.8,10.47,24.46,78,78,0,1,91,91,0,1
boltz1,no_msa,7NMM,boltz1,input_model_3,predictions/output_seed1024/boltz_results_input/predictions/input/input_model_3.pdb,0.68,0.4486,0.0832,15.21,24.33,0.0,0.0,0.0,0.1563,A,B,2.11,10.09,21.72,78,91,0.77,10.09,21.81,78,60,18,3,91,91,0,1
boltz1,no_msa,7QPX,boltz1,input_model_2,predictions/output_seed789/boltz_results_input/predictions/input/input_model_2.pdb,0.86,0.8439,0.8458,6.1,6.94,0.7266,0.7428,0.7266,0.8454,A,B,1.05,3.33,4.84,73,81,0.76,0.45,4.8,73,70,3,2,81,65,16,3
boltz1,no_msa,7QZD,boltz1,input_model_2,predictions/output_seed789/boltz_results_input/predictions/input/input_model_2.pdb,0.78,0.5384,0.1672,11.71,19.46,0.0198,0.0195,0.0195,0.2414,A,B,1.65,8.61,35.56,76,82,0.64,8.61,35.45,76,69,7,3,82,82,0,1
boltz1,no_msa,8B2R,boltz1,input_model_2,predictions/output_seed123/boltz_results_input/predictions/input/input_model_2.pdb,0.61,0.4823,0.1426,15.54,22.3,0.0,0.0,0.0,0.2105,A,B,3.0,11.43,23.69,78,86,0.5,11.43,23.89,78,59,19,3,86,86,0,1
boltz1,no_msa,9IMU,boltz1,input_model_3,predictions/output_seed789/boltz_results_input/predictions/input/input_model_3.pdb,0.87,0.8834,0.9067,5.44,6.03,0.8904,0.9016,0.8904,0.902,A,B,1.53,4.87,6.7,75,81,0.48,0.44,6.98,75,69,6,3,81,65,16,4
boltz1,no_msa,9IP6,boltz1,input_model_3,predictions/output_seed123/boltz_results_input/predictions/input/input_model_3.pdb,0.63,0.6006,0.2027,12.86,18.66,0.0,0.0,0.0,0.2823,A,B,1.64,11.79,13.8,74,61,0.6,11.79,14.12,74,68,6,3,61,61,0,1
boltz1_constrained,no_msa,5A6W,boltz1_constrained,input_model_0,predictions/output_seed456/boltz_results_input/predictions/input/input_model_0.pdb,0.94,0.9468,0.9369,2.34,2.85,0.9432,0.9146,0.9146,0.9389,A,B,1.44,0.9,1.77,73,83,0.63,0.44,1.88,73,64,9,3,83,80,3,2
boltz1_constrained,no_msa,5ZNG,boltz1_constrained,input_model_4,predictions/output/boltz_results_input/predictions/input/input_model_4.pdb,0.64,0.5518,0.0932,14.97,23.16,0.0,0.0,0.0,0.1849,A,B,1.83,11.81,12.18,79,62,0.55,11.81,12.32,79,72,7,3,62,62,0,1
boltz1_constrained,no_msa,6FU9,boltz1_constrained,input_model_0,predictions/output_seed789/boltz_results_input/predictions/input/input_model_0.pdb,0.72,0.4972,0.1326,14.79,23.67,0.0,0.0,0.0,0.2055,A,B,1.19,4.78,5.77,79,87,0.71,0.4,5.72,79,74,5,3,87,66,21,3
boltz1_constrained,no_msa,6FUB,boltz1_constrained,input_model_0,predictions/output_seed123/boltz_results_input/predictions/input/input_model_0.pdb,0.61,0.4515,0.3331,14.94,20.26,0.0334,0.1144,0.0334,0.3568,A,B,3.6,17.96,28.2,81,93,1.21,17.96,28.34,81,36,45,6,93,93,0,1
boltz1_constrained,no_msa,6FUD,boltz1_constrained,input_model_0,predictions/output_seed123/boltz_results_input/predictions/input/input_model_0.pdb,0.76,0.5194,0.2027,11.73,18.44,0.0,0.0463,0.0,0.266,A,B,1.17,10.26,20.23,77,81,0.69,10.26,20.67,77,70,7,2,81,81,0,1
boltz1_constrained,no_msa,6G10,boltz1_constrained,input_model_0,predictions/output/boltz_results_input/predictions/input/input_model_0.pdb,0.9,0.8819,0.8473,3.65,4.59,0.831,0.8062,0.8062,0.8542,A,B,2.49,0.94,2.1,76,83,0.6,0.64,3.19,76,57,19,3,83,79,4,2
boltz1_constrained,no_msa,6G11,boltz1_constrained,input_model_0,predictions/output_seed456/boltz_results_input/predictions/input/input_model_0.pdb,0.78,0.6251,0.2887,8.74,14.98,0.0,0.0505,0.0,0.356,A,B,3.23,0.95,3.89,73,82,0.96,0.76,5.7,73,58,15,3,82,77,5,2
boltz1_constrained,no_msa,6Q76,boltz1_constrained,input_model_2,predictions/output_seed1024/boltz_results_input/predictions/input/input_model_2.pdb,0.96,0.962,0.9606,1.91,2.34,0.9507,0.9658,0.9507,0.9609,A,B,1.14,0.46,0.72,73,68,0.73,0.46,0.76,73,65,8,2,68,68,0,1
boltz1_constrained,no_msa,6R8K,boltz1_constrained,input_model_3,predictions/output_seed456/boltz_results_input/predictions/input/input_model_3.pdb,0.94,0.9466,0.9375,2.64,3.23,0.9423,0.916,0.916,0.9393,A,B,1.71,0.81,2.08,77,83,0.79,0.67,3.09,77,71,6,5,83,81,2,2
boltz1_constrained,no_msa,6R8M,boltz1_constrained,input_model_4,predictions/output_seed123/boltz_results_input/predictions/input/input_model_4.pdb,0.95,0.9507,0.9374,2.48,2.95,0.942,0.9245,0.9245,0.9401,A,B,1.9,0.82,1.97,78,82,0.56,0.52,2.72,78,67,11,3,82,77,5,2
boltz1_constrained,no_msa,7A8W,boltz1_constrained,input_model_3,predictions/output_seed789/boltz_results_input/predictions/input/input_model_3.pdb,0.88,0.8909,0.9148,4.92,5.27,0.882,0.915,0.882,0.91,A,B,1.74,4.51,5.88,74,79,0.68,0.55,5.84,74,68,6,2,79,63,16,4
boltz1_constrained,no_msa,7A8X,boltz1_constrained,input_model_1,predictions/output_seed123/boltz_results_input/predictions/input/input_model_1.pdb,0.88,0.8984,0.9155,4.75,5.09,0.8828,0.9151,0.8828,0.9121,A,B,1.51,3.81,5.25,74,80,0.69,0.56,5.05,74,68,6,3,80,63,17,4
boltz1_constrained,no_msa,7BNT,boltz1_constrained,input_model_1,predictions/output_seed123/boltz_results_input/predictions/input/input_model_1.pdb,0.93,0.9392,0.933,3.08,3.74,0.9365,0.895,0.895,0.9342,A,B,1.34,1.5,3.17,75,84,0.61,0.43,3.07,75,69,6,2,84,80,4,2
boltz1_constrained,no_msa,7NLJ,boltz1_constrained,input_model_0,predictions/output_seed456/boltz_results_input/predictions/input/input_model_0.pdb,0.75,0.4846,0.0899,13.68,22.87,0.0,0.0,0.0,0.1688,A,B,1.12,10.24,23.87,78,91,0.6,10.24,24.29,78,72,6,2,91,91,0,1
boltz1_constrained,no_msa,7NMM,boltz1_constrained,input_model_2,predictions/output_seed123/boltz_results_input/predictions/input/input_model_2.pdb,0.68,0.4622,0.1083,15.88,24.84,0.0,0.0,0.0,0.1791,A,B,1.39,9.97,30.66,78,91,0.85,9.97,30.76,78,65,13,2,91,91,0,1
boltz1_constrained,no_msa,7QPX,boltz1_constrained,input_model_0,predictions/output_seed123/boltz_results_input/predictions/input/input_model_0.pdb,0.88,0.8981,0.9167,4.68,5.0,0.8974,0.9158,0.8974,0.913,A,B,1.43,4.34,5.91,73,81,0.71,0.56,5.65,73,67,6,3,81,65,16,4
boltz1_constrained,no_msa,7QZD,boltz1_constrained,input_model_3,predictions/output_seed789/boltz_results_input/predictions/input/input_model_3.pdb,0.77,0.505,0.1177,13.17,22.02,0.0054,0.0271,0.0054,0.1952,A,B,1.49,8.19,34.5,76,82,0.62,8.19,34.94,76,71,5,2,82,82,0,1
boltz1_constrained,no_msa,8B2R,boltz1_constrained,input_model_2,predictions/output/boltz_results_input/predictions/input/input_model_2.pdb,0.58,0.5022,0.1289,15.92,22.16,0.0,0.0,0.0,0.2036,A,B,2.58,8.17,36.66,78,86,0.61,8.17,36.48,78,58,20,3,86,86,0,1
boltz1_constrained,no_msa,9IMU,boltz1_constrained,input_model_4,predictions/output_seed1024/boltz_results_input/predictions/input/input_model_4.pdb,0.87,0.8845,0.9042,5.46,6.03,0.8938,0.8984,0.8938,0.9003,A,B,1.64,4.37,6.22,75,81,0.49,0.44,6.5,75,69,6,3,81,65,16,3
boltz1_constrained,no_msa,9IP6,boltz1_constrained,input_model_3,predictions/output_seed456/boltz_results_input/predictions/input/input_model_3.pdb,0.61,0.5772,0.1476,13.7,20.1,0.0,0.0,0.0,0.2335,A,B,1.46,9.53,12.79,74,61,0.68,9.53,13.07,74,70,4,2,61,61,0,1
boltz2,msa,5A6W,boltz2_msa,input_model_0,predictions/output_seed456/boltz_results_input/predictions/input/input_model_0.pdb,0.95,0.9431,0.9029,2.24,3.03,0.8523,0.8581,0.8523,0.9109,A,B,2.71,0.54,27.23,73,83,0.69,0.45,27.52,73,65,8,5,83,82,1,2
boltz2,msa,5ZNG,boltz2_msa,input_model_2,predictions/output/boltz_results_input/predictions/input/input_model_2.pdb,0.97,0.9557,0.9322,1.76,2.35,0.9019,0.937,0.9019,0.9369,A,B,0.28,0.77,0.95,79,62,0.28,0.29,0.95,79,79,0,1,62,61,1,2
boltz2,msa,6FU9,boltz2_msa,input_model_1,predictions/output_seed123/boltz_results_input/predictions/input/input_model_1.pdb,0.95,0.9551,0.9346,2.2,2.76,0.9263,0.9168,0.9168,0.9387,A,B,0.69,0.94,1.02,79,87,0.42,0.44,1.05,79,75,4,3,87,83,4,3
boltz2,msa,6FUB,boltz2_msa,input_model_0,predictions/output_seed789/boltz_results_input/predictions/input/input_model_0.pdb,0.92,0.9266,0.9156,3.64,4.24,0.898,0.8869,0.8869,0.9178,A,B,1.92,3.7,38.23,81,93,0.51,0.74,38.69,81,74,7,3,93,81,12,5
boltz2,msa,6FUD,boltz2_msa,input_model_1,predictions/output_seed456/boltz_results_input/predictions/input/input_model_1.pdb,0.95,0.9453,0.9155,2.12,2.87,0.8678,0.8679,0.8678,0.9215,A,B,0.79,0.49,0.72,77,81,0.46,0.49,0.74,77,74,3,2,81,81,0,1
boltz2,msa,6G10,boltz2_msa,input_model_2,predictions/output/boltz_results_input/predictions/input/input_model_2.pdb,0.97,0.9625,0.952,1.95,2.45,0.9543,0.9394,0.9394,0.9541,A,B,1.2,0.98,1.44,76,83,0.63,0.34,1.35,76,70,6,3,83,81,2,2
boltz2,msa,6G11,boltz2_msa,input_model_1,predictions/output_seed456/boltz_results_input/predictions/input/input_model_1.pdb,0.97,0.9642,0.953,1.89,2.35,0.9527,0.9386,0.9386,0.9552,A,B,1.13,0.26,0.83,73,82,0.61,0.26,0.76,73,69,4,2,82,82,0,1
boltz2,msa,6Q76,boltz2_msa,input_model_3,predictions/output_seed123/boltz_results_input/predictions/input/input_model_3.pdb,0.97,0.962,0.9543,2.13,2.66,0.9386,0.9572,0.9386,0.9558,A,B,0.92,0.33,0.67,73,68,0.7,0.33,0.7,73,71,2,2,68,68,0,1
boltz2,msa,6R8K,boltz2_msa,input_model_3,predictions/output_seed123/boltz_results_input/predictions/input/input_model_3.pdb,0.97,0.9663,0.9574,1.82,2.27,0.9607,0.9483,0.9483,0.9592,A,B,0.55,0.44,0.91,77,83,0.55,0.44,0.91,77,77,0,1,83,83,0,1
boltz2,msa,6R8M,boltz2_msa,input_model_2,predictions/output_seed456/boltz_results_input/predictions/input/input_model_2.pdb,0.96,0.9575,0.9499,2.28,2.81,0.9485,0.93,0.93,0.9514,A,B,1.67,0.32,0.61,78,82,0.42,0.32,0.61,78,71,7,2,82,82,0,1
boltz2,msa,7A8W,boltz2_msa,input_model_0,predictions/output_seed789/boltz_results_input/predictions/input/input_model_0.pdb,0.96,0.9077,0.8384,3.01,4.45,0.6131,0.696,0.6131,0.8523,A,B,1.42,0.41,1.4,74,79,0.64,0.41,1.17,74,68,6,3,79,79,0,1
boltz2,msa,7A8X,boltz2_msa,input_model_2,predictions/output_seed456/boltz_results_input/predictions/input/input_model_2.pdb,0.96,0.8935,0.8046,3.55,5.42,0.4895,0.6041,0.4895,0.8224,A,B,1.16,0.44,0.99,74,80,0.73,0.32,1.12,74,70,4,3,80,79,1,2
boltz2,msa,7BNT,boltz2_msa,input_model_2,predictions/output_seed456/boltz_results_input/predictions/input/input_model_2.pdb,0.95,0.9252,0.8682,2.84,3.99,0.7204,0.7658,0.7204,0.8796,A,B,0.93,0.91,27.04,75,84,0.73,0.33,27.25,75,70,5,5,84,81,3,3
boltz2,msa,7NLJ,boltz2_msa,input_model_3,predictions/output_seed123/boltz_results_input/predictions/input/input_model_3.pdb,0.78,0.7014,0.5742,8.57,12.79,0.0581,0.1653,0.0581,0.5996,A,B,1.2,7.1,31.42,78,91,0.63,7.1,31.6,78,75,3,2,91,91,0,1
boltz2,msa,7NMM,boltz2_msa,input_model_0,predictions/output/boltz_results_input/predictions/input/input_model_0.pdb,0.89,0.8816,0.7886,4.11,6.06,0.4679,0.5755,0.4679,0.8072,A,B,0.62,1.81,2.72,78,91,0.55,0.49,2.66,78,77,1,2,91,81,10,3
boltz2,msa,7QPX,boltz2_msa,input_model_0,predictions/output_seed1024/boltz_results_input/predictions/input/input_model_0.pdb,0.96,0.9154,0.8457,2.89,4.23,0.6277,0.7194,0.6277,0.8596,A,B,1.09,0.49,27.78,73,81,0.71,0.49,27.7,73,68,5,2,81,81,0,1
boltz2,msa,7QZD,boltz2_msa,input_model_3,predictions/output/boltz_results_input/predictions/input/input_model_3.pdb,0.96,0.9628,0.9546,2.07,2.58,0.9552,0.9361,0.9361,0.9562,A,B,0.71,0.4,1.13,76,82,0.55,0.4,1.18,76,74,2,2,82,82,0,1
boltz2,msa,8B2R,boltz2_msa,input_model_3,predictions/output_seed789/boltz_results_input/predictions/input/input_model_3.pdb,0.95,0.9286,0.8867,2.81,3.81,0.8026,0.8071,0.8026,0.8951,A,B,0.81,2.15,2.87,78,86,0.36,0.43,2.72,78,76,2,2,86,82,4,3
boltz2,msa,9IMU,boltz2_msa,input_model_1,predictions/output_seed123/boltz_results_input/predictions/input/input_model_1.pdb,0.88,0.6726,0.3645,8.92,15.88,0.0,0.049,0.0,0.4261,A,B,0.55,0.45,23.78,75,81,0.4,0.45,23.94,75,74,1,2,81,81,0,1
boltz2,msa,9IP6,boltz2_msa,input_model_1,predictions/output/boltz_results_input/predictions/input/input_model_1.pdb,0.97,0.969,0.9487,1.32,1.77,0.9386,0.9564,0.9386,0.9528,A,B,0.33,0.91,1.53,74,61,0.33,0.47,1.53,74,74,0,1,61,58,3,3
boltz2,no_msa,5A6W,boltz2,input_model_1,predictions/output/boltz_results_input/predictions/input/input_model_1.pdb,0.91,0.5414,0.1998,12.44,20.24,0.0,0.0,0.0,0.2681,A,B,3.02,0.91,21.59,73,83,0.74,0.48,21.54,73,63,10,6,83,77,6,4
boltz2,no_msa,5ZNG,boltz2,input_model_1,predictions/output_seed1024/boltz_results_input/predictions/input/input_model_1.pdb,0.93,0.8325,0.7005,5.35,7.88,0.3084,0.3834,0.3084,0.7269,A,B,0.54,0.72,1.45,79,62,0.36,0.35,1.44,79,77,2,2,62,61,1,2
boltz2,no_msa,6FU9,boltz2,input_model_0,predictions/output_seed789/boltz_results_input/predictions/input/input_model_0.pdb,0.91,0.8118,0.7165,5.91,8.22,0.3627,0.3799,0.3627,0.7356,A,B,0.79,0.83,1.49,79,87,0.38,0.41,1.46,79,75,4,2,87,83,4,2
boltz2,no_msa,6FUB,boltz2,input_model_1,predictions/output_seed789/boltz_results_input/predictions/input/input_model_1.pdb,0.9,0.8652,0.8153,5.26,6.65,0.6504,0.6132,0.6132,0.8253,A,B,2.17,2.91,4.64,81,93,0.49,0.5,3.62,81,75,6,3,93,81,12,4
boltz2,no_msa,6FUD,boltz2,input_model_2,predictions/output_seed789/boltz_results_input/predictions/input/input_model_2.pdb,0.9,0.6108,0.3414,10.82,16.83,0.0,0.013,0.0,0.3953,A,B,0.8,0.5,0.59,77,81,0.46,0.5,0.66,77,74,3,2,81,81,0,1
boltz2,no_msa,6G10,boltz2,input_model_2,predictions/output_seed789/boltz_results_input/predictions/input/input_model_2.pdb,0.89,0.5224,0.1637,13.34,21.43,0.0,0.0,0.0,0.2354,A,B,1.45,1.18,19.14,76,83,0.56,0.57,19.54,76,70,6,2,83,79,4,2
boltz2,no_msa,6G11,boltz2,input_model_1,predictions/output_seed789/boltz_results_input/predictions/input/input_model_1.pdb,0.9,0.7458,0.6105,7.33,10.66,0.1526,0.2249,0.1526,0.6376,A,B,3.28,0.38,4.11,73,82,0.97,0.38,7.23,73,57,16,6,82,82,0,1
boltz2,no_msa,6Q76,boltz2,input_model_2,predictions/output_seed789/boltz_results_input/predictions/input/input_model_2.pdb,0.96,0.9354,0.9207,2.79,3.61,0.8635,0.903,0.8635,0.9236,A,B,1.1,0.51,0.62,73,68,0.73,0.51,0.73,73,66,7,3,68,68,0,1
boltz2,no_msa,6R8K,boltz2,input_model_0,predictions/output/boltz_results_input/predictions/input/input_model_0.pdb,0.9,0.5213,0.1692,13.37,21.44,0.0,0.0,0.0,0.2396,A,B,1.44,1.07,19.61,77,83,0.7,0.47,20.14,77,72,5,3,83,75,8,3
boltz2,no_msa,6R8M,boltz2,input_model_1,predictions/output_seed456/boltz_results_input/predictions/input/input_model_1.pdb,0.94,0.9049,0.9042,4.44,5.18,0.8255,0.8837,0.8255,0.9043,A,B,1.74,0.8,2.0,78,82,0.49,0.52,2.56,78,67,11,3,82,78,4,2
boltz2,no_msa,7A8W,boltz2,input_model_3,predictions/output_seed123/boltz_results_input/predictions/input/input_model_3.pdb,0.8,0.5196,0.1774,15.13,22.0,0.0,0.0,0.0,0.2458,A,B,1.43,0.83,26.5,74,79,0.68,0.83,26.54,74,68,6,3,79,79,0,1
boltz2,no_msa,7A8X,boltz2,input_model_2,predictions/output_seed123/boltz_results_input/predictions/input/input_model_2.pdb,0.81,0.5066,0.1268,15.36,22.27,0.0,0.0,0.0,0.2028,A,B,1.21,0.73,26.47,74,80,0.65,0.66,26.53,74,67,7,2,80,79,1,2
boltz2,no_msa,7BNT,boltz2,input_model_1,predictions/output_seed1024/boltz_results_input/predictions/input/input_model_1.pdb,0.9,0.5243,0.1922,13.0,20.82,0.0,0.0,0.0,0.2586,A,B,1.84,1.09,19.37,75,84,0.68,0.54,20.39,75,68,7,3,84,80,4,2
boltz2,no_msa,7NLJ,boltz2,input_model_4,predictions/output/boltz_results_input/predictions/input/input_model_4.pdb,0.59,0.4903,0.1254,16.44,23.3,0.0,0.0,0.0,0.1984,A,B,1.59,7.5,30.64,78,91,0.83,7.5,30.93,78,74,4,3,91,91,0,1
boltz2,no_msa,7NMM,boltz2,input_model_0,predictions/output/boltz_results_input/predictions/input/input_model_0.pdb,0.54,0.4812,0.152,17.12,23.07,0.0,0.0,0.0,0.2178,A,B,0.92,13.99,29.92,78,91,0.64,13.99,29.78,78,75,3,2,91,91,0,1
boltz2,no_msa,7QPX,boltz2,input_model_3,predictions/output/boltz_results_input/predictions/input/input_model_3.pdb,0.77,0.5029,0.1318,15.84,22.68,0.0,0.0,0.0,0.206,A,B,1.09,0.64,27.0,73,81,0.75,0.64,26.96,73,70,3,2,81,81,0,1
boltz2,no_msa,7QZD,boltz2,input_model_2,predictions/output_seed789/boltz_results_input/predictions/input/input_model_2.pdb,0.86,0.5493,0.2163,12.4,19.6,0.0,0.0,0.0,0.2829,A,B,1.11,0.54,24.16,76,82,0.67,0.54,24.51,76,68,8,3,82,82,0,1
boltz2,no_msa,8B2R,boltz2,input_model_1,predictions/output_seed789/boltz_results_input/predictions/input/input_model_1.pdb,0.88,0.6642,0.4606,10.06,14.91,0.0,0.0156,0.0,0.5013,A,B,1.8,1.6,2.38,78,86,0.65,0.47,2.34,78,72,6,3,86,82,4,3
boltz2,no_msa,9IMU,boltz2,input_model_4,predictions/output_seed123/boltz_results_input/predictions/input/input_model_4.pdb,0.79,0.5191,0.1706,13.3,21.31,0.0,0.0,0.0,0.2403,A,B,0.68,8.58,9.23,75,81,0.54,8.58,9.18,75,74,1,2,81,81,0,1
boltz2,no_msa,9IP6,boltz2,input_model_0,predictions/output_seed789/boltz_results_input/predictions/input/input_model_0.pdb,0.92,0.7768,0.5921,6.73,10.36,0.1715,0.1991,0.1715,0.629,A,B,0.37,1.65,2.07,74,61,0.37,0.44,2.07,74,74,0,1,61,58,3,2
boltz2_constrained,no_msa,5A6W,boltz2_constrained,input_model_1,predictions/output/boltz_results_input/predictions/input/input_model_1.pdb,0.91,0.5414,0.1998,12.44,20.24,0.0,0.0,0.0,0.2681,A,B,3.02,0.91,21.59,73,83,0.74,0.48,21.54,73,63,10,6,83,77,6,4
boltz2_constrained,no_msa,5ZNG,boltz2_constrained,input_model_1,predictions/output_seed1024/boltz_results_input/predictions/input/input_model_1.pdb,0.93,0.8325,0.7005,5.35,7.88,0.3084,0.3834,0.3084,0.7269,A,B,0.54,0.72,1.45,79,62,0.36,0.35,1.44,79,77,2,2,62,61,1,2
boltz2_constrained,no_msa,6FU9,boltz2_constrained,input_model_0,predictions/output_seed789/boltz_results_input/predictions/input/input_model_0.pdb,0.91,0.8118,0.7165,5.91,8.22,0.3627,0.3799,0.3627,0.7356,A,B,0.79,0.83,1.49,79,87,0.38,0.41,1.46,79,75,4,2,87,83,4,2
boltz2_constrained,no_msa,6FUB,boltz2_constrained,input_model_1,predictions/output_seed789/boltz_results_input/predictions/input/input_model_1.pdb,0.9,0.8652,0.8153,5.26,6.65,0.6504,0.6132,0.6132,0.8253,A,B,2.17,2.91,4.64,81,93,0.49,0.5,3.62,81,75,6,3,93,81,12,4
boltz2_constrained,no_msa,6FUD,boltz2_constrained,input_model_2,predictions/output_seed789/boltz_results_input/predictions/input/input_model_2.pdb,0.9,0.6108,0.3414,10.82,16.83,0.0,0.013,0.0,0.3953,A,B,0.8,0.5,0.59,77,81,0.46,0.5,0.66,77,74,3,2,81,81,0,1
boltz2_constrained,no_msa,6G10,boltz2_constrained,input_model_2,predictions/output_seed789/boltz_results_input/predictions/input/input_model_2.pdb,0.89,0.5224,0.1637,13.34,21.43,0.0,0.0,0.0,0.2354,A,B,1.45,1.18,19.14,76,83,0.56,0.57,19.54,76,70,6,2,83,79,4,2
boltz2_constrained,no_msa,6G11,boltz2_constrained,input_model_1,predictions/output_seed789/boltz_results_input/predictions/input/input_model_1.pdb,0.9,0.7458,0.6105,7.33,10.66,0.1526,0.2249,0.1526,0.6376,A,B,3.28,0.38,4.11,73,82,0.97,0.38,7.23,73,57,16,6,82,82,0,1
boltz2_constrained,no_msa,6Q76,boltz2_constrained,input_model_2,predictions/output_seed789/boltz_results_input/predictions/input/input_model_2.pdb,0.96,0.9354,0.9207,2.79,3.61,0.8635,0.903,0.8635,0.9236,A,B,1.1,0.51,0.62,73,68,0.73,0.51,0.73,73,66,7,3,68,68,0,1
boltz2_constrained,no_msa,6R8K,boltz2_constrained,input_model_0,predictions/output/boltz_results_input/predictions/input/input_model_0.pdb,0.9,0.5213,0.1692,13.37,21.44,0.0,0.0,0.0,0.2396,A,B,1.44,1.07,19.61,77,83,0.7,0.47,20.14,77,72,5,3,83,75,8,3
boltz2_constrained,no_msa,6R8M,boltz2_constrained,input_model_1,predictions/output_seed456/boltz_results_input/predictions/input/input_model_1.pdb,0.94,0.9049,0.9042,4.44,5.18,0.8255,0.8837,0.8255,0.9043,A,B,1.74,0.8,2.0,78,82,0.49,0.52,2.56,78,67,11,3,82,78,4,2
boltz2_constrained,no_msa,7A8W,boltz2_constrained,input_model_3,predictions/output_seed123/boltz_results_input/predictions/input/input_model_3.pdb,0.8,0.5196,0.1774,15.13,22.0,0.0,0.0,0.0,0.2458,A,B,1.43,0.83,26.5,74,79,0.68,0.83,26.54,74,68,6,3,79,79,0,1
boltz2_constrained,no_msa,7A8X,boltz2_constrained,input_model_2,predictions/output_seed123/boltz_results_input/predictions/input/input_model_2.pdb,0.81,0.5066,0.1268,15.36,22.27,0.0,0.0,0.0,0.2028,A,B,1.21,0.73,26.47,74,80,0.65,0.66,26.53,74,67,7,2,80,79,1,2
boltz2_constrained,no_msa,7BNT,boltz2_constrained,input_model_1,predictions/output_seed1024/boltz_results_input/predictions/input/input_model_1.pdb,0.9,0.5243,0.1922,13.0,20.82,0.0,0.0,0.0,0.2586,A,B,1.84,1.09,19.37,75,84,0.68,0.54,20.39,75,68,7,3,84,80,4,2
boltz2_constrained,no_msa,7NLJ,boltz2_constrained,input_model_1,predictions/output_seed1024/boltz_results_input/predictions/input/input_model_1.pdb,0.6,0.5015,0.1447,15.44,21.49,0.0,0.0,0.0,0.2161,A,B,1.46,10.49,20.3,78,91,0.69,10.49,19.91,78,74,4,2,91,91,0,1
boltz2_constrained,no_msa,7NMM,boltz2_constrained,input_model_4,predictions/output_seed123/boltz_results_input/predictions/input/input_model_4.pdb,0.54,0.4627,0.0976,17.62,23.8,0.0,0.0,0.0,0.1706,A,B,5.6,12.64,18.04,78,91,0.63,12.64,17.13,78,73,5,4,91,91,0,1
boltz2_constrained,no_msa,7QPX,boltz2_constrained,input_model_3,predictions/output/boltz_results_input/predictions/input/input_model_3.pdb,0.77,0.5029,0.1318,15.84,22.68,0.0,0.0,0.0,0.206,A,B,1.09,0.64,27.0,73,81,0.75,0.64,26.96,73,70,3,2,81,81,0,1
boltz2_constrained,no_msa,7QZD,boltz2_constrained,input_model_2,predictions/output_seed789/boltz_results_input/predictions/input/input_model_2.pdb,0.86,0.5493,0.2163,12.4,19.6,0.0,0.0,0.0,0.2829,A,B,1.11,0.54,24.16,76,82,0.67,0.54,24.51,76,68,8,3,82,82,0,1
boltz2_constrained,no_msa,8B2R,boltz2_constrained,input_model_1,predictions/output_seed789/boltz_results_input/predictions/input/input_model_1.pdb,0.88,0.6642,0.4606,10.06,14.91,0.0,0.0156,0.0,0.5013,A,B,1.8,1.6,2.38,78,86,0.65,0.47,2.34,78,72,6,3,86,82,4,3
boltz2_constrained,no_msa,9IMU,boltz2_constrained,input_model_4,predictions/output_seed123/boltz_results_input/predictions/input/input_model_4.pdb,0.79,0.5191,0.1706,13.3,21.31,0.0,0.0,0.0,0.2403,A,B,0.68,8.58,9.23,75,81,0.54,8.58,9.18,75,74,1,2,81,81,0,1
boltz2_constrained,no_msa,9IP6,boltz2_constrained,input_model_0,predictions/output_seed789/boltz_results_input/predictions/input/input_model_0.pdb,0.92,0.7768,0.5921,6.73,10.36,0.1715,0.1991,0.1715,0.629,A,B,0.37,1.65,2.07,74,61,0.37,0.44,2.07,74,74,0,1,61,58,3,2
chai1,no_msa,5A6W,chai1,pred.model_idx_0,predictions/output_seed789/pred.model_idx_0.cif,84.51,0.5196,0.112,0.0,0.0,0.0,0.0,0.0,0.1935,A,B,2.63,1.9,14.05,73,83,0.66,0.39,14.16,73,63,10,3,83,64,19,3
chai1,no_msa,5ZNG,chai1,pred.model_idx_2,predictions/output/pred.model_idx_2.cif,71.94,0.5903,0.0985,0.0,0.0,0.0,0.0,0.0,0.1969,A,B,0.81,9.96,18.87,79,62,0.54,9.96,18.87,79,77,2,2,62,62,0,1
chai1,no_msa,6FU9,chai1,pred.model_idx_4,predictions/output/pred.model_idx_4.cif,77.64,0.537,0.1617,0.0,0.0,0.0,0.0,0.0,0.2368,A,B,1.28,10.45,11.73,79,87,0.51,10.45,11.74,79,74,5,3,87,87,0,1
chai1,no_msa,6FUB,chai1,pred.model_idx_4,predictions/output/pred.model_idx_4.cif,76.19,0.4972,0.1304,0.0,0.0,0.0,0.0,0.0,0.2038,A,B,2.42,8.52,12.02,81,93,0.57,8.52,12.69,81,76,5,3,93,93,0,1
chai1,no_msa,6FUD,chai1,pred.model_idx_3,predictions/output_seed123/pred.model_idx_3.cif,82.4,0.5535,0.1773,0.0,0.0,0.0,0.0,0.0,0.2525,A,B,0.8,0.78,1.54,77,81,0.51,0.74,1.59,77,74,3,2,81,80,1,2
chai1,no_msa,6G10,chai1,pred.model_idx_0,predictions/output_seed123/pred.model_idx_0.cif,94.45,0.8607,0.7141,0.0,0.0,0.0,0.0,0.0,0.7434,A,B,1.35,1.67,2.02,76,83,0.76,0.42,2.08,76,70,6,2,83,66,17,4
chai1,no_msa,6G11,chai1,pred.model_idx_2,predictions/output_seed456/pred.model_idx_2.cif,89.98,0.8152,0.6896,0.0,0.0,0.0,0.0,0.0,0.7147,A,B,1.45,0.77,1.35,73,82,0.6,0.47,1.32,73,68,5,2,82,78,4,2
chai1,no_msa,6Q76,chai1,pred.model_idx_1,predictions/output/pred.model_idx_1.cif,91.21,0.8806,0.7881,0.0,0.0,0.0,0.0,0.0,0.8066,A,B,1.07,2.44,3.38,73,68,0.74,0.93,3.34,73,67,6,2,68,43,25,4
chai1,no_msa,6R8K,chai1,pred.model_idx_0,predictions/output_seed123/pred.model_idx_0.cif,94.83,0.8767,0.7275,0.0,0.0,0.0,0.0,0.0,0.7573,A,B,0.78,1.77,2.18,77,83,0.49,0.39,1.98,77,74,3,3,83,65,18,5
chai1,no_msa,6R8M,chai1,pred.model_idx_4,predictions/output_seed123/pred.model_idx_4.cif,93.87,0.8881,0.7524,0.0,0.0,0.0,0.0,0.0,0.7795,A,B,1.32,1.46,2.15,78,82,0.5,0.55,1.88,78,69,9,3,82,73,9,3
chai1,no_msa,7A8W,chai1,pred.model_idx_0,predictions/output_seed1024/pred.model_idx_0.cif,75.57,0.5619,0.2064,0.0,0.0,0.0,0.0,0.0,0.2775,A,B,1.41,11.83,33.3,74,79,0.67,11.83,33.32,74,68,6,3,79,79,0,1
chai1,no_msa,7A8X,chai1,pred.model_idx_1,predictions/output/pred.model_idx_1.cif,76.61,0.5777,0.2039,0.0,0.0,0.0,0.0,0.0,0.2787,A,B,1.26,12.36,36.83,74,80,0.63,12.36,36.92,74,69,5,3,80,80,0,1
chai1,no_msa,7BNT,chai1,pred.model_idx_2,predictions/output_seed1024/pred.model_idx_2.cif,87.44,0.7918,0.6644,0.0,0.0,0.0,0.0,0.0,0.6899,A,B,1.37,1.72,2.67,75,84,0.7,0.54,2.83,75,70,5,3,84,74,10,2
chai1,no_msa,7NLJ,chai1,pred.model_idx_2,predictions/output_seed1024/pred.model_idx_2.cif,78.67,0.5377,0.1368,0.0,0.0,0.0,0.0,0.0,0.217,A,B,1.04,13.69,44.69,78,91,0.7,13.69,44.71,78,75,3,2,91,91,0,1
chai1,no_msa,7NMM,chai1,pred.model_idx_3,predictions/output/pred.model_idx_3.cif,63.19,0.5134,0.0979,0.0,0.0,0.0,0.0,0.0,0.181,A,B,0.97,13.8,35.11,78,91,0.48,13.8,35.06,78,73,5,3,91,91,0,1
chai1,no_msa,7QPX,chai1,pred.model_idx_3,predictions/output_seed1024/pred.model_idx_3.cif,69.47,0.5084,0.0899,0.0,0.0,0.0,0.0,0.0,0.1736,A,B,1.11,13.19,25.12,73,81,0.72,13.19,25.1,73,69,4,3,81,81,0,1
chai1,no_msa,7QZD,chai1,pred.model_idx_0,predictions/output_seed456/pred.model_idx_0.cif,86.05,0.7292,0.5333,0.0,0.0,0.0,0.0,0.0,0.5725,A,B,1.49,10.55,11.58,76,82,0.58,10.55,11.73,76,69,7,2,82,82,0,1
chai1,no_msa,8B2R,chai1,pred.model_idx_1,predictions/output_seed123/pred.model_idx_1.cif,91.81,0.8525,0.706,0.0,0.0,0.0,0.0,0.0,0.7353,A,B,1.07,8.6,12.56,78,86,0.35,8.6,12.7,78,73,5,3,86,86,0,1
chai1,no_msa,9IMU,chai1,pred.model_idx_2,predictions/output_seed1024/pred.model_idx_2.cif,82.53,0.5516,0.157,0.0,0.0,0.0,0.0,0.0,0.2359,A,B,0.6,0.58,2.26,75,81,0.52,0.52,2.32,75,74,1,2,81,80,1,2
chai1,no_msa,9IP6,chai1,pred.model_idx_0,predictions/output_seed1024/pred.model_idx_0.cif,77.0,0.6491,0.1709,0.0,0.0,0.0,0.0,0.0,0.2665,A,B,0.52,9.81,32.83,74,61,0.52,9.81,32.83,74,74,0,1,61,61,0,1
colabfold,msa,5A6W,colabfold,complex_unrelaxed_rank_003_alphafold2_multimer_v3_model_4_seed_004,predictions/complex_unrelaxed_rank_003_alphafold2_multimer_v3_model_4_seed_004.pdb,88.29,0.77,0.63,5.7,8.12,0.3479,0.4463,0.3479,0.658,A,B,2.29,0.98,1.67,73,83,0.49,0.54,1.86,73,69,4,3,83,78,5,3
colabfold,msa,5ZNG,colabfold,complex_unrelaxed_rank_013_alphafold2_multimer_v3_model_5_seed_004,predictions/complex_unrelaxed_rank_013_alphafold2_multimer_v3_model_5_seed_004.pdb,63.89,0.62,0.31,11.64,16.24,0.1162,0.0551,0.0551,0.372,A,B,2.13,9.09,12.22,79,62,0.51,9.09,12.29,79,73,6,3,62,62,0,1
colabfold,msa,6FU9,colabfold,complex_unrelaxed_rank_004_alphafold2_multimer_v3_model_2_seed_004,predictions/complex_unrelaxed_rank_004_alphafold2_multimer_v3_model_2_seed_004.pdb,81.23,0.63,0.36,9.5,14.81,0.014,0.1155,0.014,0.414,A,B,0.88,1.63,2.94,79,87,0.7,0.58,3.07,79,74,5,3,87,80,7,3
colabfold,msa,6FUB,colabfold,complex_unrelaxed_rank_005_alphafold2_multimer_v3_model_4_seed_000,predictions/complex_unrelaxed_rank_005_alphafold2_multimer_v3_model_4_seed_000.pdb,74.89,0.56,0.25,11.76,17.74,0.0,0.0635,0.0,0.312,A,B,2.04,3.93,21.16,81,93,0.59,0.64,22.19,81,71,10,4,93,83,10,4
colabfold,msa,6FUD,colabfold,complex_unrelaxed_rank_001_alphafold2_multimer_v3_model_4_seed_000,predictions/complex_unrelaxed_rank_001_alphafold2_multimer_v3_model_4_seed_000.pdb,95.05,0.88,0.86,3.06,3.72,0.8335,0.8144,0.8144,0.864,A,B,0.89,0.55,1.0,77,81,0.65,0.55,0.94,77,75,2,2,81,81,0,1
colabfold,msa,6G10,colabfold,complex_unrelaxed_rank_004_alphafold2_multimer_v3_model_1_seed_000,predictions/complex_unrelaxed_rank_004_alphafold2_multimer_v3_model_1_seed_000.pdb,89.21,0.79,0.68,5.08,7.09,0.4656,0.5161,0.4656,0.702,A,B,1.19,0.89,1.75,76,83,0.7,0.56,1.64,76,72,4,2,83,79,4,2
colabfold,msa,6G11,colabfold,complex_unrelaxed_rank_023_alphafold2_multimer_v3_model_2_seed_004,predictions/complex_unrelaxed_rank_023_alphafold2_multimer_v3_model_2_seed_004.pdb,78.48,0.55,0.15,11.8,20.23,0.0,0.0123,0.0,0.23,A,B,1.45,0.79,11.61,73,82,0.51,0.56,10.83,73,66,7,3,82,77,5,4
colabfold,msa,6Q76,colabfold,complex_unrelaxed_rank_006_alphafold2_multimer_v3_model_5_seed_004,predictions/complex_unrelaxed_rank_006_alphafold2_multimer_v3_model_5_seed_004.pdb,95.01,0.9,0.89,3.21,3.82,0.8335,0.8833,0.8335,0.892,A,B,0.74,0.54,0.84,73,68,0.45,0.54,0.71,73,71,2,2,68,68,0,1
colabfold,msa,6R8K,colabfold,complex_unrelaxed_rank_001_alphafold2_multimer_v3_model_4_seed_002,predictions/complex_unrelaxed_rank_001_alphafold2_multimer_v3_model_4_seed_002.pdb,94.2,0.87,0.84,3.46,4.18,0.8149,0.7875,0.7875,0.846,A,B,0.76,0.57,1.59,77,83,0.59,0.57,1.36,77,76,1,2,83,83,0,1
colabfold,msa,6R8M,colabfold,complex_unrelaxed_rank_001_alphafold2_multimer_v3_model_4_seed_004,predictions/complex_unrelaxed_rank_001_alphafold2_multimer_v3_model_4_seed_004.pdb,91.69,0.84,0.8,4.06,4.97,0.7453,0.7266,0.7266,0.808,A,B,1.24,0.63,1.28,78,82,0.72,0.56,1.14,78,73,5,2,82,81,1,2
colabfold,msa,7A8W,colabfold,complex_unrelaxed_rank_002_alphafold2_multimer_v3_model_3_seed_002,predictions/complex_unrelaxed_rank_002_alphafold2_multimer_v3_model_3_seed_002.pdb,89.56,0.79,0.67,5.02,6.99,0.4424,0.4944,0.4424,0.694,A,B,1.21,0.68,1.52,74,79,0.5,0.64,1.75,74,71,3,2,79,78,1,2
colabfold,msa,7A8X,colabfold,complex_unrelaxed_rank_003_alphafold2_multimer_v3_model_4_seed_003,predictions/complex_unrelaxed_rank_003_alphafold2_multimer_v3_model_4_seed_003.pdb,90.22,0.8,0.72,4.45,5.88,0.6012,0.5955,0.5955,0.736,A,B,0.91,0.64,1.05,74,80,0.48,0.52,1.03,74,71,3,2,80,79,1,2
colabfold,msa,7BNT,colabfold,complex_unrelaxed_rank_006_alphafold2_multimer_v3_model_4_seed_003,predictions/complex_unrelaxed_rank_006_alphafold2_multimer_v3_model_4_seed_003.pdb,86.95,0.76,0.62,5.98,8.61,0.2973,0.4248,0.2973,0.648,A,B,2.01,1.62,2.54,75,84,0.61,0.58,3.07,75,70,5,3,84,78,6,2
colabfold,msa,7NLJ,colabfold,complex_unrelaxed_rank_008_alphafold2_multimer_v3_model_3_seed_002,predictions/complex_unrelaxed_rank_008_alphafold2_multimer_v3_model_3_seed_002.pdb,95.28,0.9,0.87,3.25,3.85,0.8594,0.8476,0.8476,0.876,A,B,0.82,0.58,1.14,78,91,0.53,0.53,1.09,78,77,1,2,91,90,1,2
colabfold,msa,7NMM,colabfold,complex_unrelaxed_rank_006_alphafold2_multimer_v3_model_4_seed_003,predictions/complex_unrelaxed_rank_006_alphafold2_multimer_v3_model_4_seed_003.pdb,85.03,0.77,0.65,6.56,8.97,0.3061,0.4419,0.3061,0.674,A,B,0.63,2.31,2.92,78,91,0.57,0.53,2.98,78,77,1,2,91,80,11,3
colabfold,msa,7QPX,colabfold,complex_unrelaxed_rank_002_alphafold2_multimer_v3_model_3_seed_000,predictions/complex_unrelaxed_rank_002_alphafold2_multimer_v3_model_3_seed_000.pdb,84.22,0.7,0.49,7.93,12.36,0.0716,0.1956,0.0716,0.532,A,B,1.1,0.73,3.08,73,81,0.55,0.66,2.95,73,70,3,2,81,80,1,2
colabfold,msa,7QZD,colabfold,complex_unrelaxed_rank_016_alphafold2_multimer_v3_model_2_seed_001,predictions/complex_unrelaxed_rank_016_alphafold2_multimer_v3_model_2_seed_001.pdb,79.04,0.54,0.15,11.68,20.0,0.0,0.0152,0.0,0.228,A,B,1.36,0.79,19.85,76,82,0.68,0.7,19.96,76,70,6,3,82,81,1,2
colabfold,msa,8B2R,colabfold,complex_unrelaxed_rank_001_alphafold2_multimer_v3_model_2_seed_002,predictions/complex_unrelaxed_rank_001_alphafold2_multimer_v3_model_2_seed_002.pdb,95.51,0.9,0.87,3.24,3.78,0.87,0.8568,0.8568,0.876,A,B,0.88,1.78,2.59,78,86,0.38,0.49,2.5,78,76,2,2,86,81,5,2
colabfold,msa,9IMU,colabfold,complex_unrelaxed_rank_004_alphafold2_multimer_v3_model_2_seed_001,predictions/complex_unrelaxed_rank_004_alphafold2_multimer_v3_model_2_seed_001.pdb,95.84,0.89,0.85,2.87,3.54,0.8321,0.8151,0.8151,0.858,A,B,0.41,0.44,1.74,75,81,0.41,0.44,1.74,75,75,0,1,81,81,0,1
colabfold,msa,9IP6,colabfold,complex_unrelaxed_rank_014_alphafold2_multimer_v3_model_5_seed_003,predictions/complex_unrelaxed_rank_014_alphafold2_multimer_v3_model_5_seed_003.pdb,64.09,0.62,0.41,11.91,16.66,0.1183,0.1122,0.1122,0.452,A,B,0.53,8.68,14.89,74,61,0.53,8.68,14.89,74,74,0,1,61,61,0,1
colabfold,no_msa,5A6W,colabfold_nomsa,complex_unrelaxed_rank_015_alphafold2_multimer_v3_model_3_seed_003,predictions/complex_unrelaxed_rank_015_alphafold2_multimer_v3_model_3_seed_003.pdb,32.2,0.2,0.1,20.35,23.52,0.0,0.0,0.0,0.12,A,B,9.82,16.28,23.31,73,83,9.82,16.28,23.31,73,73,0,1,83,83,0,1
colabfold,no_msa,5ZNG,colabfold_nomsa,complex_unrelaxed_rank_006_alphafold2_multimer_v3_model_4_seed_000,predictions/complex_unrelaxed_rank_006_alphafold2_multimer_v3_model_4_seed_000.pdb,69.74,0.48,0.1,14.14,23.04,0.0,0.0,0.0,0.176,A,B,1.7,2.25,18.35,79,62,0.57,0.54,18.4,79,73,6,3,62,57,5,3
colabfold,no_msa,6FU9,colabfold_nomsa,complex_unrelaxed_rank_014_alphafold2_multimer_v3_model_5_seed_001,predictions/complex_unrelaxed_rank_014_alphafold2_multimer_v3_model_5_seed_001.pdb,42.23,0.28,0.09,18.94,25.09,0.0,0.0,0.0,0.128,A,B,2.28,10.68,22.2,79,87,0.93,10.68,22.22,79,52,27,4,87,87,0,1
colabfold,no_msa,6FUB,colabfold_nomsa,complex_unrelaxed_rank_004_alphafold2_multimer_v3_model_5_seed_003,predictions/complex_unrelaxed_rank_004_alphafold2_multimer_v3_model_5_seed_003.pdb,52.11,0.41,0.11,17.11,23.35,0.0,0.0,0.0,0.17,A,B,2.84,9.37,22.64,81,93,1.0,9.37,22.41,81,60,21,5,93,93,0,1
colabfold,no_msa,6FUD,colabfold_nomsa,complex_unrelaxed_rank_013_alphafold2_multimer_v3_model_3_seed_000,predictions/complex_unrelaxed_rank_013_alphafold2_multimer_v3_model_3_seed_000.pdb,44.14,0.3,0.09,18.11,23.91,0.0,0.0,0.0,0.132,A,B,2.08,10.56,18.98,77,81,1.0,10.56,18.54,77,53,24,7,81,81,0,1
colabfold,no_msa,6G10,colabfold_nomsa,complex_unrelaxed_rank_022_alphafold2_multimer_v3_model_5_seed_003,predictions/complex_unrelaxed_rank_022_alphafold2_multimer_v3_model_5_seed_003.pdb,42.65,0.29,0.08,19.18,25.16,0.0,0.0,0.0,0.122,A,B,2.84,10.83,17.78,76,83,1.32,10.83,17.7,76,29,47,4,83,83,0,1
colabfold,no_msa,6G11,colabfold_nomsa,complex_unrelaxed_rank_014_alphafold2_multimer_v3_model_1_seed_003,predictions/complex_unrelaxed_rank_014_alphafold2_multimer_v3_model_1_seed_003.pdb,36.76,0.26,0.11,19.03,22.93,0.0,0.0,0.0,0.14,A,B,9.67,15.71,24.05,73,82,9.67,15.71,24.05,73,73,0,1,82,82,0,1
colabfold,no_msa,6Q76,colabfold_nomsa,complex_unrelaxed_rank_001_alphafold2_multimer_v3_model_2_seed_004,predictions/complex_unrelaxed_rank_001_alphafold2_multimer_v3_model_2_seed_004.pdb,84.1,0.78,0.75,6.25,8.06,0.5085,0.5778,0.5085,0.756,A,B,1.05,1.79,1.99,73,68,0.81,0.8,1.98,73,70,3,2,68,57,11,5
colabfold,no_msa,6R8K,colabfold_nomsa,complex_unrelaxed_rank_025_alphafold2_multimer_v3_model_2_seed_004,predictions/complex_unrelaxed_rank_025_alphafold2_multimer_v3_model_2_seed_004.pdb,43.5,0.33,0.06,19.69,25.64,0.0,0.0,0.0,0.114,A,B,2.59,14.35,22.79,77,83,1.04,14.35,21.23,77,54,23,4,83,83,0,1
colabfold,no_msa,6R8M,colabfold_nomsa,complex_unrelaxed_rank_010_alphafold2_multimer_v3_model_3_seed_004,predictions/complex_unrelaxed_rank_010_alphafold2_multimer_v3_model_3_seed_004.pdb,31.41,0.2,0.1,20.84,24.3,0.0,0.0,0.0,0.12,A,B,7.18,14.76,20.76,78,82,7.18,14.76,20.76,78,78,0,1,82,82,0,1
colabfold,no_msa,7A8W,colabfold_nomsa,complex_unrelaxed_rank_025_alphafold2_multimer_v3_model_2_seed_004,predictions/complex_unrelaxed_rank_025_alphafold2_multimer_v3_model_2_seed_004.pdb,53.05,0.43,0.07,17.84,25.11,0.0,0.0,0.0,0.142,A,B,1.36,14.87,22.98,74,79,0.73,14.87,22.69,74,69,5,2,79,79,0,1
colabfold,no_msa,7A8X,colabfold_nomsa,complex_unrelaxed_rank_021_alphafold2_multimer_v3_model_1_seed_000,predictions/complex_unrelaxed_rank_021_alphafold2_multimer_v3_model_1_seed_000.pdb,34.48,0.22,0.09,19.83,23.77,0.0,0.0,0.0,0.116,A,B,12.48,14.61,22.43,74,80,12.48,14.61,22.43,74,74,0,1,80,80,0,1
colabfold,no_msa,7BNT,colabfold_nomsa,complex_unrelaxed_rank_002_alphafold2_multimer_v3_model_5_seed_002,predictions/complex_unrelaxed_rank_002_alphafold2_multimer_v3_model_5_seed_002.pdb,60.92,0.49,0.4,14.61,20.3,0.0635,0.0993,0.0635,0.418,A,B,2.03,7.81,29.94,75,84,0.68,0.65,29.06,75,70,5,3,84,28,56,6
colabfold,no_msa,7NLJ,colabfold_nomsa,complex_unrelaxed_rank_012_alphafold2_multimer_v3_model_2_seed_000,predictions/complex_unrelaxed_rank_012_alphafold2_multimer_v3_model_2_seed_000.pdb,43.61,0.27,0.1,18.99,24.19,0.0,0.0,0.0,0.134,A,B,2.25,15.19,28.21,78,91,0.97,15.19,28.99,78,59,19,6,91,91,0,1
colabfold,no_msa,7NMM,colabfold_nomsa,complex_unrelaxed_rank_010_alphafold2_multimer_v3_model_4_seed_000,predictions/complex_unrelaxed_rank_010_alphafold2_multimer_v3_model_4_seed_000.pdb,37.86,0.23,0.09,20.13,24.89,0.0,0.0,0.0,0.118,A,B,3.13,15.19,17.72,78,91,1.11,15.19,18.23,78,45,33,6,91,91,0,1
colabfold,no_msa,7QPX,colabfold_nomsa,complex_unrelaxed_rank_025_alphafold2_multimer_v3_model_2_seed_000,predictions/complex_unrelaxed_rank_025_alphafold2_multimer_v3_model_2_seed_000.pdb,46.46,0.36,0.06,18.91,25.43,0.0,0.0,0.0,0.12,A,B,1.36,16.31,24.25,73,81,0.8,16.31,23.68,73,64,9,4,81,81,0,1
colabfold,no_msa,7QZD,colabfold_nomsa,complex_unrelaxed_rank_010_alphafold2_multimer_v3_model_1_seed_003,predictions/complex_unrelaxed_rank_010_alphafold2_multimer_v3_model_1_seed_003.pdb,41.72,0.37,0.1,18.74,23.52,0.0,0.0,0.0,0.154,A,B,3.75,14.13,23.62,76,82,0.92,14.13,25.53,76,53,23,4,82,82,0,1
colabfold,no_msa,8B2R,colabfold_nomsa,complex_unrelaxed_rank_005_alphafold2_multimer_v3_model_1_seed_003,predictions/complex_unrelaxed_rank_005_alphafold2_multimer_v3_model_1_seed_003.pdb,49.38,0.42,0.09,18.13,24.06,0.0,0.0,0.0,0.156,A,B,2.54,14.03,23.24,78,86,0.7,14.03,23.18,78,60,18,3,86,86,0,1
colabfold,no_msa,9IMU,colabfold_nomsa,complex_unrelaxed_rank_019_alphafold2_multimer_v3_model_3_seed_001,predictions/complex_unrelaxed_rank_019_alphafold2_multimer_v3_model_3_seed_001.pdb,48.3,0.4,0.08,18.19,24.74,0.0,0.0,0.0,0.144,A,B,1.61,14.3,17.49,75,81,0.58,14.3,17.43,75,69,6,2,81,81,0,1
colabfold,no_msa,9IP6,colabfold_nomsa,complex_unrelaxed_rank_001_alphafold2_multimer_v3_model_5_seed_004,predictions/complex_unrelaxed_rank_001_alphafold2_multimer_v3_model_5_seed_004.pdb,56.94,0.54,0.16,15.08,21.83,0.0,0.0,0.0,0.236,A,B,0.56,11.61,15.83,74,61,0.56,11.61,15.83,74,74,0,1,61,61,0,1
esmfold2,no_msa,5A6W,esmfold2,output_seed1024_esmfold2_pred,predictions/output_seed1024/esmfold2_pred.cif,89.53,0.8889,0.8619,3.87,5.11,0.7606,0.7363,0.7363,0.8673,A,B,1.74,0.64,1.28,73,83,0.62,0.43,1.36,73,66,7,3,83,81,2,2
esmfold2,no_msa,5ZNG,esmfold2,output_seed456_esmfold2_pred,predictions/output_seed456/esmfold2_pred.cif,68.39,0.655,0.466,11.19,14.43,0.2548,0.2123,0.2123,0.5038,A,B,2.02,13.57,36.15,79,62,0.46,13.57,36.14,79,74,5,3,62,62,0,1
esmfold2,no_msa,6FU9,esmfold2,output_seed789_esmfold2_pred,predictions/output_seed789/esmfold2_pred.cif,69.6,0.4724,0.1018,16.02,24.34,0.0,0.0,0.0,0.1759,A,B,1.36,13.44,26.95,79,87,0.59,13.44,26.96,79,74,5,2,87,87,0,1
esmfold2,no_msa,6FUB,esmfold2,output_seed123_esmfold2_pred,predictions/output_seed123/esmfold2_pred.cif,74.58,0.4927,0.0992,15.06,25.05,0.0,0.0,0.0,0.1779,A,B,1.44,9.39,12.44,81,93,0.58,9.39,12.42,81,74,7,2,93,93,0,1
esmfold2,no_msa,6FUD,esmfold2,output_seed1024_esmfold2_pred,predictions/output_seed1024/esmfold2_pred.cif,82.6,0.8197,0.7631,5.2,6.38,0.647,0.6706,0.647,0.7744,A,B,0.73,0.52,0.87,77,81,0.46,0.52,0.86,77,75,2,2,81,81,0,1
esmfold2,no_msa,6G10,esmfold2,output_esmfold2_pred,predictions/output/esmfold2_pred.cif,87.28,0.8567,0.8063,4.32,5.72,0.6639,0.6395,0.6395,0.8164,A,B,0.94,0.8,1.24,76,83,0.88,0.43,1.21,76,74,2,2,83,81,2,2
esmfold2,no_msa,6G11,esmfold2,output_esmfold2_pred,predictions/output/esmfold2_pred.cif,78.4,0.6932,0.5754,6.74,9.22,0.3038,0.3333,0.3038,0.599,A,B,1.25,0.54,1.11,73,82,0.5,0.37,1.07,73,66,7,3,82,81,1,2
esmfold2,no_msa,6Q76,esmfold2,output_esmfold2_pred,predictions/output/esmfold2_pred.cif,92.09,0.9254,0.9076,2.92,3.68,0.8637,0.9009,0.8637,0.9112,A,B,1.07,0.44,0.61,73,68,0.69,0.44,0.57,73,67,6,2,68,68,0,1
esmfold2,no_msa,6R8K,esmfold2,output_esmfold2_pred,predictions/output/esmfold2_pred.cif,84.75,0.8244,0.7617,4.96,6.5,0.6054,0.5706,0.5706,0.7742,A,B,1.41,0.59,1.63,77,83,0.53,0.43,1.12,77,72,5,2,83,81,2,2
esmfold2,no_msa,6R8M,esmfold2,output_seed123_esmfold2_pred,predictions/output_seed123/esmfold2_pred.cif,84.34,0.7968,0.7072,5.79,8.04,0.4269,0.459,0.4269,0.7251,A,B,1.46,0.49,1.13,78,82,0.54,0.41,0.79,78,71,7,3,82,81,1,2
esmfold2,no_msa,7A8W,esmfold2,output_esmfold2_pred,predictions/output/esmfold2_pred.cif,50.83,0.4595,0.0952,17.94,24.25,0.0,0.0,0.0,0.1681,A,B,1.33,14.55,28.83,74,79,0.75,14.55,28.58,74,69,5,2,79,79,0,1
esmfold2,no_msa,7A8X,esmfold2,output_seed456_esmfold2_pred,predictions/output_seed456/esmfold2_pred.cif,73.6,0.5666,0.3513,11.32,16.43,0.0025,0.0163,0.0025,0.3944,A,B,1.28,1.56,2.5,74,80,0.7,0.54,2.09,74,68,6,3,80,66,14,3
esmfold2,no_msa,7BNT,esmfold2,output_seed456_esmfold2_pred,predictions/output_seed456/esmfold2_pred.cif,75.45,0.6032,0.4487,11.67,16.73,0.0085,0.0176,0.0085,0.4796,A,B,1.02,7.38,7.71,75,84,0.59,7.38,7.75,75,71,4,2,84,84,0,1
esmfold2,no_msa,7NLJ,esmfold2,output_seed123_esmfold2_pred,predictions/output_seed123/esmfold2_pred.cif,58.03,0.5508,0.4536,15.93,20.44,0.0456,0.0129,0.0129,0.473,A,B,0.9,13.19,31.3,78,91,0.7,13.19,31.46,78,74,4,4,91,91,0,1
esmfold2,no_msa,7NMM,esmfold2,output_seed789_esmfold2_pred,predictions/output_seed789/esmfold2_pred.cif,54.27,0.4894,0.2035,17.56,23.22,0.0,0.0,0.0,0.2607,A,B,0.8,13.55,33.06,78,91,0.53,13.55,33.04,78,74,4,2,91,91,0,1
esmfold2,no_msa,7QPX,esmfold2,output_seed456_esmfold2_pred,predictions/output_seed456/esmfold2_pred.cif,70.97,0.5489,0.3518,12.12,17.18,0.0,0.0026,0.0,0.3912,A,B,1.08,2.41,3.24,73,81,0.71,0.37,3.17,73,68,5,4,81,65,16,3
esmfold2,no_msa,7QZD,esmfold2,output_esmfold2_pred,predictions/output/esmfold2_pred.cif,78.91,0.7423,0.6532,6.1,7.96,0.4708,0.4867,0.4708,0.671,A,B,0.73,0.52,0.75,76,82,0.55,0.36,0.76,76,74,2,3,82,80,2,2
esmfold2,no_msa,8B2R,esmfold2,output_seed123_esmfold2_pred,predictions/output_seed123/esmfold2_pred.cif,70.38,0.452,0.0819,16.15,25.31,0.0,0.0,0.0,0.1559,A,B,1.3,14.1,23.63,78,86,0.48,14.1,23.73,78,74,4,2,86,86,0,1
esmfold2,no_msa,9IMU,esmfold2,output_seed123_esmfold2_pred,predictions/output_seed123/esmfold2_pred.cif,87.1,0.8701,0.8281,4.05,5.25,0.7379,0.741,0.7379,0.8365,A,B,0.48,0.41,1.34,75,81,0.48,0.41,1.34,75,75,0,1,81,81,0,1
esmfold2,no_msa,9IP6,esmfold2,output_seed789_esmfold2_pred,predictions/output_seed789/esmfold2_pred.cif,59.94,0.5714,0.3553,13.76,18.84,0.0503,0.0459,0.0459,0.3985,A,B,0.54,9.72,37.38,74,61,0.47,9.72,37.36,74,73,1,2,61,61,0,1
